﻿<?xml version="1.0" encoding="UTF-8" standalone="no" ?><Preferences4D>  <BuildApp>    <BuildCompiled>True</BuildCompiled>    <IncludeAssociatedFolders>True</IncludeAssociatedFolders>    <BuildComponent>True</BuildComponent>    <BuildApplicationSerialized>False</BuildApplicationSerialized>    <RuntimeVL>      <LastDataPathLookup>ByAppName</LastDataPathLookup>    </RuntimeVL>    <BuildApplicationLight>False</BuildApplicationLight>    <SourcesFiles>      <RuntimeVL>        <RuntimeVLIncludeIt>True</RuntimeVLIncludeIt>      </RuntimeVL>      <CS>        <ServerIncludeIt>False</ServerIncludeIt>        <ClientMacIncludeIt>False</ClientMacIncludeIt>        <ClientWinIncludeIt>False</ClientWinIncludeIt>      </CS>    </SourcesFiles>    <CS>      <BuildServerApplication>False</BuildServerApplication>      <LastDataPathLookup>ByAppName</LastDataPathLookup>      <BuildCSUpgradeable>False</BuildCSUpgradeable>      <CurrentVers>1</CurrentVers>      <HardLink></HardLink>    </CS>    <BuildApplicationName>QS_ToolBox</BuildApplicationName>    <BuildMacDestFolder>::QS_Toolbox_Build:</BuildMacDestFolder>    <ArrayExcludedPluginName>      <ItemsCount>1</ItemsCount>      <Item1>4D Internet Commands</Item1></ArrayExcludedPluginName>    <ArrayExcludedPluginID>      <ItemsCount>1</ItemsCount>      <Item1>15010</Item1></ArrayExcludedPluginID>    <ArrayExcludedComponentName>      <ItemsCount>3</ItemsCount>      <Item1>4D SVG</Item1>      <Item2>4D Widgets</Item2>      <Item3>4D WritePro Interface</Item3>    </ArrayExcludedComponentName>    <Licenses>      <ArrayLicenseMac>        <ItemsCount>1</ItemsCount>        <Item1>Macintosh HD:Users:sieste68:Library:Application Support:4D:Licenses:R-PNUD150UUC0018P6N402B2E.license4D</Item1>      </ArrayLicenseMac>    </Licenses>    <SignApplication>      <MacSignature>False</MacSignature>      <MacCertificate></MacCertificate>    </SignApplication>  </BuildApp></Preferences4D>