<?xml version="1.0" encoding="UTF-8" standalone="yes"?>
<?xml-stylesheet type="text/xsl" href="LogStyleSheet.xsl"?>
<verifylog operation="Build" name="QS_ToolBox" structure="Macintosh HD:Users:sieste68:Documents:Composants - Sources:QS_ToolBox:QS_Toolbox.4dbase:QS_Toolbox.4DB" data="" os="Mac OS X (10.11.6)">
<start_timer time="2018-05-02T15:33:32+02:00"/>
<stop_timer time="2018-05-02T15:33:39+02:00" success="true" user_canceled="false"/>
<step title="Building compiled database">
<step title="Début de compilation [2018-05-02T15:33:32]"></step>
<step title="Début de copie des fichiers : Macintosh HD:Users:sieste68:Documents:Composants - Sources:QS_ToolBox:QS_Toolbox_Build:Compiled Database:QS_ToolBox.4dbase:QS_ToolBox.4DC"></step>
<step title="Fin de copie des fichiers : Macintosh HD:Users:sieste68:Documents:Composants - Sources:QS_ToolBox:QS_Toolbox_Build:Compiled Database:QS_ToolBox.4dbase:QS_ToolBox.4DC"></step>
<step title="Copie du composant de Macintosh HD:Applications:4D v15 R5:4D15R5 - a.app:Contents:Components:4D Progress.4dbase: vers Macintosh HD:Users:sieste68:Documents:Composants - Sources:QS_ToolBox:QS_Toolbox_Build:Compiled Database:QS_ToolBox.4dbase:Components:."></step>
<step title="Fin de compilation [2018-05-02T15:33:36]"></step>
</step>
<step title="Building component">
<step title="Début de compilation [2018-05-02T15:33:36]"></step>
<step title="Début de copie des fichiers : Macintosh HD:Users:sieste68:Documents:Composants - Sources:QS_ToolBox:QS_Toolbox_Build:Components:QS_ToolBox.4dbase:QS_ToolBox.4DC"></step>
<step title="Fin de copie des fichiers : Macintosh HD:Users:sieste68:Documents:Composants - Sources:QS_ToolBox:QS_Toolbox_Build:Components:QS_ToolBox.4dbase:QS_ToolBox.4DC"></step>
<step title="Fin de compilation [2018-05-02T15:33:39]"></step>
</step>
</verifylog>