﻿<?xml version="1.0" encoding="UTF-8" standalone="no" ?>
<CacheFiles xmlns="http://namespace/reserved/2004/cache">

  <File>
    <ArchiveName>web_export.4darchive</ArchiveName>
    <Name>web_export</Name>
    <Type>Folder</Type>
    <Contents>308221909697372166030822190969737187717645875685</Contents>
  </File>

  <File>
    <ArchiveName>tools.4darchive</ArchiveName>
    <Name>tools</Name>
    <Type>Folder</Type>
    <Contents>39750528948899732993975052894889973037721098356</Contents>
  </File>

  <File>
    <ArchiveName>RTA4D.4darchive</ArchiveName>
    <Name>RTA4D</Name>
    <Type>Folder</Type>
    <Contents>5388785397209578456538878539720957684812985854281</Contents>
  </File>

  <File>
    <ArchiveName>pt.4darchive</ArchiveName>
    <Name>pt.lproj</Name>
    <Type>Folder</Type>
    <Contents>511051299535069278351105129953506926618319342316</Contents>
  </File>

  <File>
    <ArchiveName>PhpOffice.4darchive</ArchiveName>
    <Name>PhpOffice</Name>
    <Type>Folder</Type>
    <Contents>7565549484825525500756554948482546765371216172517</Contents>
  </File>

  <File>
    <ArchiveName>nircmd.4darchive</ArchiveName>
    <Name>nircmd</Name>
    <Type>Folder</Type>
    <Contents>227039842673606071322703984267360591622579228794</Contents>
  </File>

  <File>
    <ArchiveName>jsonEditor.4darchive</ArchiveName>
    <Name>jsonEditor</Name>
    <Type>Folder</Type>
    <Contents>164539823636264175481645398236362641229214829973486</Contents>
  </File>

  <File>
    <ArchiveName>jsdifflib.4darchive</ArchiveName>
    <Name>jsdifflib</Name>
    <Type>Folder</Type>
    <Contents>283814995607088074728381499560708802842378563480</Contents>
  </File>

  <File>
    <ArchiveName>ja.4darchive</ArchiveName>
    <Name>ja.lproj</Name>
    <Type>Folder</Type>
    <Contents>510716840961742525851071684096174250928668012996</Contents>
  </File>

  <File>
    <ArchiveName>img.4darchive</ArchiveName>
    <Name>img</Name>
    <Type>Folder</Type>
    <Contents>1043574654695875205710435746546958750700521377022</Contents>
  </File>

  <File>
    <ArchiveName>Images.4darchive</ArchiveName>
    <Name>Images</Name>
    <Type>Folder</Type>
    <Contents>227095915610051841322709591561005183963704100673</Contents>
  </File>

  <File>
    <ArchiveName>fr.4darchive</ArchiveName>
    <Name>fr.lproj</Name>
    <Type>Folder</Type>
    <Contents>5108817496839357770510881749683935762810613471659</Contents>
  </File>

  <File>
    <ArchiveName>fields.4darchive</ArchiveName>
    <Name>fields</Name>
    <Type>Folder</Type>
    <Contents>964198262714353941096419826271435390173770340988</Contents>
  </File>

  <File>
    <ArchiveName>es.4darchive</ArchiveName>
    <Name>es.lproj</Name>
    <Type>Folder</Type>
    <Contents>5110512995350586049511051299535058583110260690922</Contents>
  </File>

  <File>
    <ArchiveName>en.4darchive</ArchiveName>
    <Name>en.lproj</Name>
    <Type>Folder</Type>
    <Contents>5108817496839355086510881749683935494311612755242</Contents>
  </File>

  <File>
    <ArchiveName>de.4darchive</ArchiveName>
    <Name>de.lproj</Name>
    <Type>Folder</Type>
    <Contents>511051299535058472651105129953505845929669135833</Contents>
  </File>

  <File>
    <ArchiveName>cs.4darchive</ArchiveName>
    <Name>cs.lproj</Name>
    <Type>Folder</Type>
    <Contents>511051299535058427451105129953505841368377968685</Contents>
  </File>

  <version>11</version>

</CacheFiles>
